{"stat.walkOneCm":21468,"achievement.openInventory":2,"stat.leaveGame":3,"stat.mineBlock.minecraft.sea_lantern":4,"stat.mineBlock.minecraft.coal_ore":1,"stat.mineBlock.minecraft.emerald_ore":1,"stat.flyOneCm":26962,"stat.jump":83,"stat.playOneMinute":26135,"stat.climbOneCm":75,"stat.useItem.minecraft.sea_lantern":4,"stat.mineBlock.minecraft.iron_ore":1,"stat.timeSinceDeath":26135,"stat.sprintOneCm":15482,"stat.useItem.minecraft.iron_pickaxe":8,"stat.mineBlock.minecraft.gold_ore":1,"achievement.exploreAllBiomes":{"value":0,"progress":["Plains"]},"stat.craftingTableInteraction":1}