{"stat.useItem.minecraft.lapis_block":29,"stat.walkOneCm":78452,"stat.useItem.minecraft.stone":50,"stat.leaveGame":2,"stat.useItem.minecraft.ender_chest":1,"stat.useItem.minecraft.skull":2,"stat.useItem.minecraft.glowstone":58,"stat.jump":225,"stat.climbOneCm":1221,"stat.useItem.minecraft.redstone_block":92,"stat.fallOneCm":422,"stat.useItem.minecraft.nether_brick_stairs":4,"stat.crouchOneCm":7900,"stat.useItem.minecraft.stained_hardened_clay":38,"stat.useItem.minecraft.dirt":196,"stat.sprintOneCm":14831,"achievement.exploreAllBiomes":{"value":0,"progress":["Roofed Forest","River","Forest","Plains","Desert"]},"stat.useItem.minecraft.fence":15,"stat.useItem.minecraft.redstone_lamp":288,"achievement.openInventory":54,"stat.flyOneCm":971828,"stat.drop":3,"stat.playOneMinute":119170,"stat.useItem.minecraft.ladder":65,"stat.damageDealt":10,"stat.useItem.minecraft.snow_layer":1,"stat.timeSinceDeath":119170,"stat.useItem.minecraft.sign":1}